{"assets/font/Tajawal-Black.ttf":["assets/font/Tajawal-Black.ttf"],"assets/font/Tajawal-Bold.ttf":["assets/font/Tajawal-Bold.ttf"],"assets/font/Tajawal-ExtraLight.ttf":["assets/font/Tajawal-ExtraLight.ttf"],"assets/font/Tajawal-Light.ttf":["assets/font/Tajawal-Light.ttf"],"assets/font/Tajawal-Medium.ttf":["assets/font/Tajawal-Medium.ttf"],"assets/font/Tajawal-Regular.ttf":["assets/font/Tajawal-Regular.ttf"],"assets/icons/add.png":["assets/icons/add.png"],"assets/icons/frame.png":["assets/icons/frame.png"],"assets/icons/grid_view.png":["assets/icons/grid_view.png"],"assets/icons/ic_menu.png":["assets/icons/ic_menu.png"],"assets/icons/notifications.png":["assets/icons/notifications.png"],"assets/icons/person.png":["assets/icons/person.png"],"assets/images/logo.png":["assets/images/logo.png"],"assets/images/portal_bg.png":["assets/images/portal_bg.png"],"assets/images/splash_pg.png":["assets/images/splash_pg.png"],"assets/images/white_logo.png":["assets/images/white_logo.png"],"assets/images/white_wheel_logo.png":["assets/images/white_wheel_logo.png"],"lib/localization/lang/ar.json":["lib/localization/lang/ar.json"],"lib/localization/lang/en.json":["lib/localization/lang/en.json"],"packages/cupertino_icons/assets/CupertinoIcons.ttf":["packages/cupertino_icons/assets/CupertinoIcons.ttf"],"packages/flutter_sound_web/js/flutter_sound/flutter_sound.js":["packages/flutter_sound_web/js/flutter_sound/flutter_sound.js"],"packages/flutter_sound_web/js/flutter_sound/flutter_sound_player.js":["packages/flutter_sound_web/js/flutter_sound/flutter_sound_player.js"],"packages/flutter_sound_web/js/flutter_sound/flutter_sound_recorder.js":["packages/flutter_sound_web/js/flutter_sound/flutter_sound_recorder.js"],"packages/flutter_sound_web/js/howler/howler.core.min.js":["packages/flutter_sound_web/js/howler/howler.core.min.js"],"packages/flutter_sound_web/js/howler/howler.js":["packages/flutter_sound_web/js/howler/howler.js"],"packages/flutter_sound_web/js/howler/howler.min.js":["packages/flutter_sound_web/js/howler/howler.min.js"],"packages/flutter_sound_web/js/howler/howler.spatial.min.js":["packages/flutter_sound_web/js/howler/howler.spatial.min.js"]}